{"weights": [1.3010519228772737e+93, 9.18365844957076e+92, 0.8459700909052603, 1.2194352102821711e+93], "bias": 9.183658449570757e+91}